id;login;password_hash;first_name;last_name;email;image_url;activated;lang_key;created_by;last_modified_by;created_date
5;rama;$2a$10$VEjxo0jq2YG9Rbk2HmX9S.k1uZBGYUHdUcid3g/vfiEl7lwWgOH/K;Rama;Rama;Rama@localhost;;TRUE;en;system;system;NOW()
6;seeta;$2a$10$VEjxo0jq2YG9Rbk2HmX9S.k1uZBGYUHdUcid3g/vfiEl7lwWgOH/K;Seeta;Seeta;Seeta@localhost;;TRUE;en;system;system;NOW()
7;krishna;$2a$10$VEjxo0jq2YG9Rbk2HmX9S.k1uZBGYUHdUcid3g/vfiEl7lwWgOH/K;Krishna;Krishna;Krishna@localhost;;TRUE;en;system;system;NOW()
8;radha;$2a$10$VEjxo0jq2YG9Rbk2HmX9S.k1uZBGYUHdUcid3g/vfiEl7lwWgOH/K;Radha;Radha;Radha@localhost;;TRUE;en;system;system;NOW()
9;arjun;$2a$10$VEjxo0jq2YG9Rbk2HmX9S.k1uZBGYUHdUcid3g/vfiEl7lwWgOH/K;Arjun;Arjun;Arjun@localhost;;TRUE;en;system;system;NOW()
10;subhadra;$2a$10$VEjxo0jq2YG9Rbk2HmX9S.k1uZBGYUHdUcid3g/vfiEl7lwWgOH/K;Subhadra;Subhadra;Subhadra@localhost;;TRUE;en;system;system;NOW()
11;john;$2a$10$VEjxo0jq2YG9Rbk2HmX9S.k1uZBGYUHdUcid3g/vfiEl7lwWgOH/K;John;John;John@localhost;;TRUE;en;system;system;NOW()
12;david;$2a$10$VEjxo0jq2YG9Rbk2HmX9S.k1uZBGYUHdUcid3g/vfiEl7lwWgOH/K;David;David;David@localhost;;TRUE;en;system;system;NOW()
13;hanuman;$2a$10$VEjxo0jq2YG9Rbk2HmX9S.k1uZBGYUHdUcid3g/vfiEl7lwWgOH/K;Hanuman;Hanuman;Hanuman@localhost;;TRUE;en;system;system;NOW()
14;angad;$2a$10$VEjxo0jq2YG9Rbk2HmX9S.k1uZBGYUHdUcid3g/vfiEl7lwWgOH/K;Angad;Angad;Angad@localhost;;TRUE;en;system;system;NOW()
15;dasarath;$2a$10$VEjxo0jq2YG9Rbk2HmX9S.k1uZBGYUHdUcid3g/vfiEl7lwWgOH/K;Dasarath;Dasarath;Dasarath@localhost;;TRUE;en;system;system;NOW()
16;mumtaj;$2a$10$VEjxo0jq2YG9Rbk2HmX9S.k1uZBGYUHdUcid3g/vfiEl7lwWgOH/K;Mumtaj;Mumtaj;Mumtaj@localhost;;TRUE;en;system;system;NOW()
17;gandhi;$2a$10$VEjxo0jq2YG9Rbk2HmX9S.k1uZBGYUHdUcid3g/vfiEl7lwWgOH/K;Gandhi;Gandhi;Gandhi@localhost;;TRUE;en;system;system;NOW()
18;nehru;$2a$10$VEjxo0jq2YG9Rbk2HmX9S.k1uZBGYUHdUcid3g/vfiEl7lwWgOH/K;Nehru;Nehru;Nehru@localhost;;TRUE;en;system;system;NOW()
19;patel;$2a$10$VEjxo0jq2YG9Rbk2HmX9S.k1uZBGYUHdUcid3g/vfiEl7lwWgOH/K;Patel;Patel;Patel@localhost;;TRUE;en;system;system;NOW()
20;bose;$2a$10$VEjxo0jq2YG9Rbk2HmX9S.k1uZBGYUHdUcid3g/vfiEl7lwWgOH/K;Bose;Bose;Bose@localhost;;TRUE;en;system;system;NOW()
21;elizabeth;$2a$10$VEjxo0jq2YG9Rbk2HmX9S.k1uZBGYUHdUcid3g/vfiEl7lwWgOH/K;Elizabeth;Elizabeth;Elizabeth@localhost;;TRUE;en;system;system;NOW()
22;bhagat;$2a$10$VEjxo0jq2YG9Rbk2HmX9S.k1uZBGYUHdUcid3g/vfiEl7lwWgOH/K;Bhagat;Bhagat;Bhagat@localhost;;TRUE;en;system;system;NOW()
23;gargi;$2a$10$VEjxo0jq2YG9Rbk2HmX9S.k1uZBGYUHdUcid3g/vfiEl7lwWgOH/K;Gargi;Gargi;Gargi@localhost;;TRUE;en;system;system;NOW()
24;maitreyi;$2a$10$VEjxo0jq2YG9Rbk2HmX9S.k1uZBGYUHdUcid3g/vfiEl7lwWgOH/K;Maitreyi;Maitreyi;Maitreyi@localhost;;TRUE;en;system;system;NOW()